X_val,Y_val
1200,61426.3090909091
1350,62978.42727272728
2400,73843.25454545455
3540,85639.35272727272
1390,63392.325454545455
7500,126615.27272727274
4670,97331.97636363636
850,57804.700000000004
3890,89260.96181818182
8000,131789.0
